ballina,geraldton,4
moranbah,parkes,2
launceston,whyalla,2
ayr,newman,2
bunbury,hamilton,6
caboolture,gladstone,6
burnie,proserpine,4
darwin,exmouth,4
albury,ceduna,4
armidale,wollongong,2
mandurah,melbourne,2
ceduna,toowoomba,4
griffith,perth,4
charleville,proserpine,6
geraldton,gunnedah,2
forbes,young,2
dubbo,muswellbrook,2
ayr,sydney,2
devonport,forster,2
ayr,hobart,2
ceduna,newman,4
albany,emerald,2
richmond,roma,6
ceduna,exmouth,4
canberra,inverell,2
ceduna,dalby,2
darwin,moranbah,2
devonport,gunnedah,2
proserpine,sydney,4
cairns,shepparton,4
caboolture,katherine,2
geelong,newcastle,10
albany,kalgoorlie,2
perth,tumut,2
dalby,moree,2
charleville,perth,4
bundaberg,dalby,6
mandurah,newcastle,2
longreach,orange,2
cairns,gunnedah,2
devonport,toowoomba,4
forbes,longreach,2
burnie,gunnedah,2
inverell,rockhampton,2
caloundra,griffith,2
gladstone,perth,4
bowen,brisbane,2
biloela,rockhampton,6
hobart,taree,4
dalby,townsville,2
albury,mildura,4
bunbury,mandurah,2
richmond,toowoomba,8
maryborough,portland,4
bathurst,kununurra,4
darwin,richmond,4
moree,tumut,2
ballarat,geraldton,4
gladstone,mudgee,4
gunnedah,melbourne,2
portland,traralgon,2
caboolture,maryborough,2
darwin,inverell,2
caboolture,longreach,2
griffith,moree,4
armidale,gunnedah,2
charleville,roma,10
hobart,moranbah,2
canberra,tumut,2
canberra,mudgee,4
sale,warwick,4
esperance,moranbah,2
taree,tumut,2
albany,burnie,2
ayr,forster,2
brisbane,karratha,4
launceston,mudgee,4
bathurst,newman,4
esperance,kununurra,4
biloela,moranbah,2
geelong,kalgoorlie,2
moranbah,proserpine,2
launceston,maryborough,4
forbes,newman,2
albany,longreach,2
moree,perth,4
bathurst,goulburn,2
dalby,exmouth,2
inverell,melbourne,2
melbourne,whyalla,2
exmouth,orange,2
kununurra,roma,4
mildura,newman,4
albury,emerald,2
newman,perth,4
berri,katherine,2
dubbo,traralgon,2
dubbo,parkes,4
armidale,parkes,4
armidale,cairns,4
carnarvon,forbes,2
ballarat,emerald,2
inverell,mudgee,2
adelaide,dubbo,4
biloela,roma,6
albury,muswellbrook,2
gunnedah,newman,2
cairns,dubbo,6
launceston,moranbah,2
melbourne,rockhampton,4
newcastle,taree,6
mudgee,traralgon,2
brisbane,portland,4
ceduna,esperance,4
charleville,mildura,4
charleville,muswellbrook,2
albury,ballarat,8
geelong,gladstone,2
canberra,charleville,4
charleville,geelong,4
adelaide,newcastle,12
albany,brisbane,4
ceduna,longreach,4
cairns,ceduna,4
emerald,orange,2
albury,moree,4
carnarvon,forster,2
burnie,orange,2
biloela,emerald,6
ceduna,charleville,4
armidale,melbourne,4
canberra,hamilton,2
onslow,roma,2
carnarvon,hobart,4
forbes,griffith,2
melbourne,young,16
bundaberg,devonport,4
burnie,mildura,4
hobart,roma,4
dubbo,longreach,4
charleville,esperance,4
adelaide,sydney,54
caloundra,geraldton,2
burnie,onslow,2
maryborough,newman,4
dubbo,hobart,6
bunbury,busselton,2
onslow,orange,2
bathurst,muswellbrook,2
broome,devonport,4
canberra,perth,28
devonport,richmond,2
bundaberg,darwin,4
caloundra,gladstone,2
forster,roma,2
forbes,toowoomba,2
ballarat,carnarvon,4
bunbury,canberra,2
biloela,maryborough,2
devonport,shepparton,4
biloela,ceduna,2
cairns,parkes,4
albury,canberra,6
sydney,whyalla,2
sydney,tumut,2
gladstone,moranbah,2
albury,mudgee,4
brisbane,inverell,2
albany,whyalla,2
longreach,tumut,2
biloela,townsville,2
maryborough,moree,4
adelaide,clare,4
moree,townsville,4
brisbane,mildura,4
esperance,forbes,2
hobart,inverell,2
melbourne,traralgon,2
albury,brisbane,6
brisbane,cairns,18
melbourne,newcastle,14
exmouth,forbes,2
ballina,shepparton,4
griffith,gunnedah,2
forbes,shepparton,2
perth,sale,14
darwin,queenstown,2
caboolture,charleville,6
armidale,rockhampton,4
richmond,rockhampton,4
geelong,geraldton,2
ballina,broome,4
karratha,muswellbrook,2
gladstone,mildura,4
armidale,orange,2
albany,ceduna,2
canberra,muswellbrook,2
albany,shepparton,2
darwin,young,2
bathurst,traralgon,2
dalby,emerald,4
caloundra,mildura,2
forbes,melbourne,6
katherine,rockhampton,4
geelong,mudgee,2
shepparton,toowoomba,4
caboolture,sydney,2
albury,biloela,2
albany,mildura,2
hobart,mudgee,4
devonport,orange,2
brisbane,griffith,4
rockhampton,young,2
biloela,longreach,2
bathurst,darwin,4
karratha,richmond,2
adelaide,ballina,4
bundaberg,exmouth,4
emerald,townsville,2
charleville,hobart,4
ballina,carnarvon,4
melbourne,warwick,2
carnarvon,taree,4
bowen,sale,2
forbes,kalgoorlie,2
albany,rockhampton,2
bundaberg,proserpine,6
albany,ballarat,4
forbes,gladstone,2
burnie,exmouth,4
launceston,oatlands,2
ceduna,darwin,4
darwin,onslow,2
caloundra,toowoomba,2
bundaberg,mudgee,4
exmouth,gunnedah,2
kalgoorlie,wollongong,2
bathurst,onslow,2
armidale,devonport,4
roma,tumut,2
cairns,katherine,6
maryborough,melbourne,4
burnie,katherine,4
newman,onslow,2
cairns,melbourne,18
sydney,traralgon,2
bathurst,kalgoorlie,4
esperance,portland,4
ayr,darwin,2
forster,richmond,2
burnie,geelong,2
broome,rockhampton,4
ceduna,shepparton,4
forbes,parkes,2
ballina,katherine,4
armidale,katherine,4
geraldton,griffith,4
adelaide,inverell,2
emerald,newcastle,2
forbes,perth,6
roma,shepparton,4
roma,toowoomba,10
hobart,moree,4
armidale,sydney,4
proserpine,roma,6
caloundra,katherine,2
karratha,orange,2
dalby,sale,6
moree,roma,4
dubbo,wollongong,4
exmouth,taree,4
andamooka,darwin,2
kununurra,peterborough,2
cairns,kununurra,4
adelaide,perth,40
bunbury,hobart,2
albury,orange,2
ballina,moree,4
perth,townsville,8
hobart,karratha,4
adelaide,proserpine,4
emerald,richmond,2
biloela,broome,2
ceduna,forbes,2
forbes,katherine,2
charleville,sydney,6
caboolture,carnarvon,2
dalby,dubbo,2
caboolture,karratha,2
broome,proserpine,4
taree,wollongong,4
adelaide,gunnedah,2
broome,taree,4
ballarat,bunbury,2
karratha,townsville,4
roma,townsville,4
moree,newcastle,4
esperance,richmond,2
moranbah,whyalla,2
charleville,inverell,2
onslow,rockhampton,2
portland,taree,4
bundaberg,carnarvon,4
kununurra,tumut,2
brisbane,exmouth,4
adelaide,ballarat,10
broome,roma,4
maryborough,whyalla,2
emerald,warwick,4
caboolture,warwick,4
adelaide,burnie,4
biloela,melbourne,2
newman,wollongong,2
hobart,kununurra,4
geraldton,muswellbrook,2
hobart,onslow,2
adelaide,gladstone,4
maryborough,onslow,2
devonport,portland,4
portland,toowoomba,4
bathurst,whyalla,2
burnie,forbes,2
moranbah,onslow,2
katherine,maryborough,4
ballina,traralgon,2
peterborough,woomera,2
bathurst,mudgee,4
geelong,roma,4
broome,caboolture,2
emerald,kalgoorlie,2
ballina,kununurra,4
adelaide,emerald,2
moranbah,townsville,2
mildura,traralgon,2
bathurst,taree,6
caloundra,perth,4
ceduna,moree,4
brisbane,maryborough,4
bunbury,wollongong,2
albury,richmond,4
brisbane,launceston,12
melbourne,queenstown,2
cairns,perth,16
albany,queenstown,2
bundaberg,onslow,2
broome,carnarvon,4
albany,dubbo,2
bathurst,moree,4
darwin,rockhampton,4
cairns,emerald,2
ceduna,onslow,2
forster,griffith,2
bathurst,roma,4
adelaide,caloundra,4
oatlands,sale,4
caloundra,richmond,2
orange,whyalla,2
cairns,exmouth,4
busselton,sydney,2
moree,portland,4
broome,esperance,4
forster,gunnedah,2
bathurst,richmond,2
gunnedah,moree,2
adelaide,canberra,32
broome,bundaberg,4
cairns,wollongong,10
griffith,hobart,4
broome,dalby,2
ballarat,brisbane,12
melbourne,onslow,2
caboolture,sale,4
esperance,traralgon,2
griffith,muswellbrook,2
carnarvon,darwin,4
hamilton,richmond,2
longreach,rockhampton,4
charleville,forster,2
ballarat,wollongong,8
adelaide,darwin,28
forbes,wollongong,2
ayr,karratha,2
darwin,geraldton,4
adelaide,bundaberg,4
forbes,kununurra,2
bunbury,manjimup,2
ballina,inverell,2
dalby,gladstone,6
proserpine,rockhampton,6
mildura,portland,4
albury,wollongong,4
carnarvon,newcastle,4
charleville,devonport,4
emerald,sale,4
canberra,young,6
armidale,moree,4
forbes,taree,2
broome,caloundra,4
geelong,portland,2
biloela,griffith,2
dalby,griffith,2
inverell,sydney,2
gunnedah,richmond,2
griffith,mildura,4
devonport,maryborough,4
ballarat,bendigo,2
darwin,geelong,10
hamilton,queenstown,2
bathurst,broome,4
bundaberg,mildura,4
kununurra,moree,4
brisbane,dalby,4
brisbane,townsville,10
charleville,portland,4
cairns,mildura,4
adelaide,devonport,6
gladstone,tumut,2
perth,roma,6
bathurst,burnie,4
darwin,newman,4
newcastle,toowoomba,4
canberra,maryborough,4
gladstone,proserpine,6
moranbah,newman,2
devonport,tumut,2
caboolture,onslow,2
dubbo,katherine,4
bathurst,biloela,2
dalby,mudgee,2
longreach,moree,4
devonport,moranbah,2
ballina,burnie,4
shepparton,sydney,4
albury,toowoomba,6
cairns,hobart,14
ballina,toowoomba,8
inverell,mildura,2
griffith,tumut,2
devonport,geelong,4
forbes,proserpine,2
darwin,gunnedah,2
geraldton,shepparton,4
cairns,sydney,18
devonport,geraldton,4
katherine,young,2
cairns,muswellbrook,2
armidale,onslow,2
mudgee,tumut,2
karratha,tumut,2
albany,geelong,2
ballina,hobart,4
ballarat,queenstown,2
devonport,hamilton,2
esperance,mudgee,4
toowoomba,whyalla,2
exmouth,melbourne,4
katherine,mudgee,4
melbourne,mildura,4
bathurst,carnarvon,4
bundaberg,caboolture,6
bundaberg,kununurra,4
moranbah,perth,2
ballarat,charleville,4
moree,newman,4
carnarvon,tumut,2
newman,townsville,4
kalgoorlie,whyalla,2
bundaberg,geraldton,4
adelaide,shepparton,4
ballarat,longreach,4
cairns,goulburn,2
katherine,newcastle,4
ballina,melbourne,4
inverell,portland,2
orange,roma,2
albury,newcastle,6
katherine,portland,4
armidale,forbes,2
albany,maryborough,2
longreach,melbourne,4
goulburn,perth,2
ballina,biloela,6
kununurra,proserpine,4
melbourne,melton,2
emerald,hobart,2
melbourne,tumut,2
launceston,townsville,6
hamilton,newcastle,4
parkes,rockhampton,4
bundaberg,melbourne,4
broome,exmouth,4
muswellbrook,townsville,2
albury,queenstown,2
taree,traralgon,2
carnarvon,inverell,2
carnarvon,townsville,4
kununurra,rockhampton,4
burnie,hobart,4
albury,caloundra,2
forbes,geraldton,2
albury,darwin,6
charleville,traralgon,2
broome,traralgon,2
bundaberg,orange,2
canberra,kalgoorlie,4
darwin,muswellbrook,2
ceduna,kalgoorlie,4
darwin,newcastle,12
carnarvon,griffith,4
clare,sydney,2
ballarat,devonport,6
bathurst,forbes,2
albany,mandurah,2
kununurra,taree,4
armidale,bundaberg,4
armidale,longreach,4
mudgee,newcastle,4
newcastle,newman,4
adelaide,brisbane,50
oatlands,sydney,2
traralgon,wollongong,2
griffith,traralgon,2
broome,tumut,2
caboolture,taree,2
adelaide,roma,6
darwin,peterborough,2
kununurra,traralgon,2
caboolture,toowoomba,6
mildura,wollongong,2
ballarat,portland,4
inverell,moree,2
ballina,dubbo,4
exmouth,newcastle,4
geelong,townsville,6
kalgoorlie,sydney,4
albany,mudgee,2
sydney,toowoomba,8
burnie,parkes,4
brisbane,parkes,4
dubbo,townsville,6
ayr,proserpine,2
geelong,hamilton,6
karratha,katherine,4
biloela,richmond,2
geelong,wollongong,10
newcastle,portland,4
ballina,cairns,4
ballarat,muswellbrook,2
geraldton,roma,4
hobart,perth,28
carnarvon,portland,4
gladstone,shepparton,4
ceduna,townsville,4
longreach,taree,4
albury,kalgoorlie,4
kalgoorlie,kununurra,4
emerald,moranbah,2
katherine,mildura,4
caboolture,esperance,2
dubbo,esperance,4
gladstone,kalgoorlie,4
esperance,toowoomba,4
brisbane,mandurah,2
emerald,perth,2
albury,bundaberg,4
ayr,roma,2
charleville,taree,4
darwin,toowoomba,4
albury,ayr,2
ballarat,esperance,4
griffith,launceston,4
biloela,mudgee,2
ballarat,sydney,12
devonport,roma,4
ceduna,inverell,2
devonport,griffith,4
gunnedah,launceston,2
ayr,mildura,2
ayr,mudgee,2
forster,inverell,2
carnarvon,moree,4
canberra,mildura,4
charleville,melbourne,4
newcastle,nowra,2
moranbah,rockhampton,2
wollongong,young,2
esperance,melbourne,4
broome,perth,6
albany,orange,2
geelong,tumut,2
cairns,darwin,12
karratha,taree,4
darwin,kalgoorlie,4
gunnedah,longreach,2
moree,richmond,2
bathurst,proserpine,4
bathurst,portland,4
portland,wollongong,2
melbourne,wollongong,12
ayr,charleville,2
griffith,orange,2
sale,young,12
albury,ballina,4
sale,wollongong,2
adelaide,geelong,14
bundaberg,taree,4
geelong,moree,2
exmouth,launceston,4
kununurra,toowoomba,4
biloela,brisbane,2
bundaberg,inverell,2
gunnedah,inverell,2
ballarat,hobart,12
kalgoorlie,perth,4
emerald,exmouth,2
mudgee,shepparton,4
ayr,cairns,2
ballarat,dubbo,6
adelaide,richmond,8
ayr,maryborough,2
dalby,shepparton,2
griffith,whyalla,2
geraldton,moree,4
bundaberg,newcastle,4
ayr,inverell,2
albury,katherine,4
bathurst,rockhampton,4
dalby,perth,2
charleville,newcastle,4
bundaberg,maryborough,4
gladstone,melbourne,4
caboolture,young,2
ayr,portland,2
carnarvon,newman,4
adelaide,townsville,8
launceston,rockhampton,4
brisbane,wollongong,12
newman,rockhampton,4
ceduna,rockhampton,4
brisbane,newman,4
albany,ballina,2
townsville,whyalla,2
parkes,taree,4
adelaide,geraldton,4
brisbane,broome,6
emerald,gladstone,6
forbes,inverell,2
parkes,sydney,4
portland,shepparton,4
mudgee,wollongong,2
bundaberg,dubbo,4
ceduna,hobart,4
darwin,shepparton,4
albany,kununurra,2
caboolture,devonport,2
bendigo,melbourne,2
canberra,griffith,4
canberra,geelong,10
broome,toowoomba,4
albury,inverell,2
bundaberg,ceduna,4
canberra,karratha,4
carnarvon,melbourne,4
ballarat,exmouth,4
albany,moree,2
cairns,canberra,12
sale,toowoomba,6
kununurra,muswellbrook,2
dubbo,inverell,2
burnie,dubbo,4
ivanhoe,sale,2
ayr,toowoomba,2
gunnedah,roma,2
esperance,muswellbrook,2
ayr,exmouth,2
canberra,mandurah,2
kununurra,newman,4
albury,cairns,8
clare,melbourne,2
gunnedah,perth,2
charleville,richmond,6
biloela,caboolture,6
mildura,richmond,2
dubbo,rockhampton,4
ballarat,forbes,2
launceston,newcastle,12
burnie,shepparton,4
kalgoorlie,orange,2
brisbane,newcastle,12
esperance,whyalla,2
forster,melbourne,2
caloundra,parkes,2
karratha,newman,4
dubbo,maryborough,4
ballarat,perth,10
devonport,newcastle,6
ceduna,geraldton,4
ayr,ballarat,2
brisbane,mudgee,4
armidale,hobart,4
albury,moranbah,2
mudgee,whyalla,2
biloela,hobart,2
onslow,taree,2
melbourne,shepparton,4
bundaberg,cairns,4
geraldton,perth,4
newman,proserpine,4
ballina,roma,8
maryborough,proserpine,4
ballarat,kalgoorlie,4
adelaide,griffith,4
esperance,geelong,2
portland,proserpine,4
caloundra,muswellbrook,2
dalby,geelong,4
launceston,moree,4
perth,shepparton,4
bathurst,brisbane,4
onslow,toowoomba,2
dubbo,melbourne,4
kununurra,richmond,2
proserpine,shepparton,4
biloela,katherine,2
gunnedah,parkes,2
ayr,wollongong,2
bathurst,longreach,4
dubbo,geraldton,4
kalgoorlie,katherine,4
albany,taree,2
geelong,mildura,2
caboolture,ceduna,2
dubbo,mandurah,2
albany,exmouth,2
bathurst,katherine,4
esperance,taree,4
ballina,geelong,2
geraldton,moranbah,2
broome,geelong,2
longreach,mudgee,4
richmond,tumut,2
dubbo,roma,4
esperance,gladstone,4
forster,newman,2
kalgoorlie,proserpine,4
albany,launceston,4
griffith,parkes,4
ballina,dalby,6
canberra,roma,4
longreach,onslow,2
geelong,muswellbrook,2
inverell,kalgoorlie,2
brisbane,rockhampton,4
adelaide,ayr,2
maryborough,roma,4
carnarvon,onslow,2
richmond,young,2
albany,caboolture,2
burnie,longreach,4
albany,portland,2
cairns,forster,2
darwin,longreach,4
gladstone,katherine,4
katherine,whyalla,2
seymour,young,2
gunnedah,proserpine,2
mildura,moree,4
geraldton,melbourne,4
kalgoorlie,onslow,2
adelaide,bunbury,6
devonport,gladstone,4
biloela,dalby,4
inverell,maryborough,2
exmouth,moranbah,2
exmouth,kununurra,4
broome,shepparton,4
brisbane,young,8
ballarat,bundaberg,4
albury,tumut,2
carnarvon,moranbah,2
toowoomba,tumut,2
albany,townsville,4
biloela,devonport,2
emerald,geraldton,2
albury,caboolture,2
ballarat,taree,4
adelaide,tumut,2
albany,broome,2
richmond,sydney,6
bundaberg,warwick,4
bathurst,griffith,4
forster,katherine,2
ballarat,geelong,10
mildura,rockhampton,4
albany,toowoomba,2
darwin,maryborough,4
albury,traralgon,2
geelong,traralgon,2
exmouth,mudgee,4
forbes,mildura,2
hobart,maryborough,4
carnarvon,sydney,4
bourke,manjimup,2
gladstone,kununurra,4
bathurst,mildura,4
melbourne,moree,4
bathurst,devonport,4
ballarat,moree,4
armidale,launceston,4
esperance,longreach,4
ballina,moranbah,2
albany,gladstone,2
bowen,roma,2
armidale,broome,4
adelaide,onslow,2
albury,townsville,8
canberra,shepparton,4
bathurst,emerald,2
dubbo,gunnedah,2
dalby,toowoomba,8
bathurst,melbourne,4
andamooka,berri,2
biloela,proserpine,4
rockhampton,wollongong,2
sale,sydney,36
ballarat,orange,2
emerald,longreach,2
canberra,gladstone,4
geraldton,katherine,4
dalby,longreach,2
caboolture,exmouth,2
bundaberg,rockhampton,8
canberra,esperance,4
exmouth,sydney,4
albury,onslow,2
emerald,proserpine,4
cairns,onslow,2
dubbo,portland,4
gladstone,longreach,4
karratha,moranbah,2
geelong,gunnedah,2
kalgoorlie,portland,4
carnarvon,geraldton,4
burnie,mudgee,4
ballarat,inverell,2
canberra,whyalla,2
andamooka,woomera,2
ceduna,melbourne,4
launceston,orange,2
ayr,richmond,2
proserpine,wollongong,2
newman,traralgon,2
albury,broome,4
brisbane,bundaberg,4
longreach,toowoomba,4
maryborough,muswellbrook,2
geraldton,newcastle,4
bundaberg,moree,4
kununurra,woomera,2
inverell,perth,2
gladstone,muswellbrook,2
ballina,newman,4
devonport,muswellbrook,2
biloela,bundaberg,6
armidale,ballarat,4
inverell,richmond,2
roma,sale,12
inverell,katherine,2
caloundra,canberra,2
hobart,proserpine,4
darwin,orange,2
burnie,taree,4
carnarvon,launceston,4
onslow,sydney,2
charleville,darwin,4
exmouth,wollongong,2
melbourne,mudgee,4
maryborough,mudgee,4
forster,kalgoorlie,2
broome,maryborough,4
bundaberg,karratha,4
esperance,launceston,4
bunbury,young,2
ballarat,bathurst,4
townsville,wollongong,4
muswellbrook,portland,2
ballarat,townsville,8
forster,taree,2
burnie,wollongong,2
devonport,sale,2
ayr,dubbo,2
longreach,newman,4
maryborough,newcastle,4
melbourne,portland,4
armidale,dalby,2
ballina,newcastle,4
carnarvon,rockhampton,4
exmouth,roma,4
albury,kununurra,4
bunbury,launceston,2
caboolture,darwin,2
gunnedah,toowoomba,2
orange,shepparton,2
kununurra,whyalla,2
newcastle,roma,4
mildura,tumut,2
bunbury,devonport,2
devonport,proserpine,4
caloundra,goulburn,2
albany,albury,4
geraldton,longreach,4
dubbo,nowra,2
mandurah,wollongong,2
albury,armidale,4
charleville,wollongong,2
burnie,caloundra,2
caboolture,newman,2
newman,taree,4
albury,karratha,4
kalgoorlie,roma,4
bathurst,maryborough,4
caboolture,rockhampton,6
albury,charleville,4
sydney,young,16
broome,karratha,4
hamilton,townsville,4
roma,sydney,6
hobart,newcastle,14
rockhampton,traralgon,2
berri,peterborough,2
gunnedah,karratha,2
broome,townsville,6
portland,richmond,2
newman,tumut,2
burnie,kununurra,4
forster,sydney,6
devonport,onslow,2
onslow,perth,2
darwin,devonport,6
ballina,onslow,2
brisbane,hobart,30
armidale,dubbo,4
katherine,muswellbrook,2
kalgoorlie,mildura,4
albury,forster,2
bathurst,bundaberg,4
darwin,forster,2
hobart,tumut,2
launceston,tumut,2
ayr,ceduna,2
hobart,portland,4
moree,toowoomba,4
orange,toowoomba,2
geelong,sale,4
cairns,moree,4
newcastle,rockhampton,4
charleville,griffith,4
esperance,perth,4
ballarat,shepparton,4
queenstown,townsville,2
geelong,hobart,12
ballina,parkes,4
ayr,traralgon,2
brisbane,charleville,6
devonport,perth,6
dalby,newman,2
cairns,charleville,4
hamilton,sydney,8
exmouth,hobart,4
kununurra,townsville,4
gunnedah,taree,2
hobart,orange,2
rockhampton,townsville,4
albury,burnie,4
bathurst,caboolture,2
biloela,cairns,2
albury,geelong,6
maryborough,townsville,4
mildura,sydney,4
ballarat,hamilton,4
ballina,charleville,8
moree,whyalla,2
biloela,warwick,4
darwin,tumut,2
gladstone,rockhampton,8
brisbane,roma,8
kalgoorlie,toowoomba,4
caloundra,dubbo,2
geraldton,townsville,4
carnarvon,perth,4
launceston,portland,4
adelaide,newman,6
adelaide,muswellbrook,2
kalgoorlie,longreach,4
queenstown,wollongong,2
launceston,proserpine,4
caboolture,parkes,2
carnarvon,kununurra,4
caloundra,roma,2
canberra,portland,4
geraldton,portland,4
darwin,parkes,4
dubbo,orange,2
hamilton,perth,8
brisbane,emerald,2
ballarat,forster,2
adelaide,dalby,4
devonport,kununurra,4
canberra,onslow,2
karratha,traralgon,2
ballina,richmond,4
ayr,katherine,2
biloela,esperance,2
maryborough,richmond,2
darwin,emerald,2
adelaide,portland,4
burnie,griffith,4
charleville,dubbo,4
brisbane,longreach,4
devonport,inverell,2
longreach,traralgon,2
launceston,muswellbrook,2
ballina,mildura,4
geelong,katherine,2
gunnedah,tumut,2
gunnedah,mudgee,2
moranbah,shepparton,2
cairns,proserpine,4
burnie,devonport,4
cairns,geraldton,4
carnarvon,charleville,4
broome,ceduna,4
albury,devonport,6
bundaberg,launceston,4
exmouth,kalgoorlie,4
caloundra,wollongong,2
devonport,longreach,4
ballarat,mandurah,4
launceston,traralgon,2
bundaberg,charleville,8
ballarat,roma,4
adelaide,biloela,2
esperance,moree,4
caloundra,tumut,2
caboolture,emerald,6
biloela,karratha,2
gladstone,gunnedah,2
hobart,longreach,4
dalby,young,2
biloela,perth,2
muswellbrook,traralgon,2
adelaide,seymour,2
kwinana,mandurah,2
adelaide,parkes,4
brisbane,caloundra,4
mandurah,queenstown,2
onslow,parkes,2
cairns,clare,2
proserpine,tumut,2
cairns,rockhampton,4
karratha,mudgee,4
ceduna,kununurra,4
newman,orange,2
canberra,wollongong,12
caloundra,portland,2
ballina,launceston,4
biloela,orange,2
canberra,darwin,24
dalby,sydney,4
charleville,geraldton,4
bundaberg,whyalla,2
kununurra,shepparton,4
brisbane,caboolture,4
broome,kalgoorlie,4
broome,goulburn,2
devonport,melbourne,6
goulburn,newcastle,2
devonport,karratha,4
hobart,rockhampton,4
andamooka,katherine,2
perth,toowoomba,4
ayr,dalby,2
adelaide,rockhampton,4
caboolture,melbourne,2
kununurra,newcastle,4
adelaide,orange,2
carnarvon,geelong,2
esperance,maryborough,4
gladstone,griffith,4
ballarat,tumut,2
cairns,townsville,10
mildura,parkes,4
adelaide,launceston,12
ballina,esperance,4
dalby,kalgoorlie,2
ceduna,gunnedah,2
kununurra,longreach,4
charleville,onslow,2
ballina,forster,2
caloundra,taree,2
canberra,proserpine,4
orange,rockhampton,2
griffith,melbourne,4
brisbane,carnarvon,4
biloela,exmouth,2
bunbury,melbourne,6
charleville,katherine,4
townsville,traralgon,2
kununurra,melbourne,4
devonport,emerald,2
armidale,darwin,4
mildura,toowoomba,4
ceduna,devonport,4
perth,traralgon,2
ceduna,richmond,2
esperance,mildura,4
caloundra,geelong,2
albury,esperance,4
forster,proserpine,2
griffith,katherine,4
brisbane,forbes,6
albury,perth,6
gunnedah,townsville,2
biloela,darwin,4
katherine,melbourne,8
biloela,young,2
albany,perth,4
bundaberg,burnie,4
canberra,taree,4
perth,taree,4
dubbo,forbes,2
armidale,caloundra,2
albury,exmouth,4
gunnedah,shepparton,2
gunnedah,newcastle,2
ceduna,perth,4
hobart,wollongong,10
caloundra,proserpine,2
geraldton,launceston,4
exmouth,geraldton,4
burnie,roma,4
gawler,young,2
muswellbrook,richmond,2
hobart,sale,4
emerald,whyalla,2
charleville,longreach,4
forbes,roma,2
esperance,newman,4
newcastle,orange,2
devonport,sydney,6
ayr,devonport,2
biloela,kalgoorlie,2
bundaberg,hobart,4
cairns,traralgon,2
darwin,wollongong,10
muswellbrook,taree,2
burnie,geraldton,4
dalby,muswellbrook,2
brisbane,geelong,14
armidale,taree,4
ballarat,onslow,2
forbes,portland,2
biloela,charleville,6
gunnedah,rockhampton,2
kununurra,orange,2
canberra,moree,4
kalgoorlie,launceston,4
richmond,wollongong,2
gunnedah,muswellbrook,2
forster,geraldton,2
exmouth,townsville,4
inverell,parkes,2
darwin,proserpine,4
broome,griffith,4
proserpine,taree,4
hobart,townsville,8
dubbo,karratha,4
broome,cairns,6
katherine,orange,2
armidale,perth,4
carnarvon,roma,4
darwin,hobart,24
cairns,griffith,4
armidale,whyalla,2
longreach,moranbah,2
roma,taree,4
moree,parkes,4
brisbane,canberra,32
hobart,muswellbrook,2
carnarvon,karratha,4
launceston,sale,2
armidale,karratha,4
melbourne,richmond,6
dalby,melbourne,2
ballarat,traralgon,2
orange,sale,8
darwin,townsville,6
orange,portland,2
gunnedah,portland,2
armidale,mildura,4
charleville,parkes,4
bathurst,orange,2
inverell,townsville,2
burnie,emerald,2
taree,toowoomba,4
brisbane,toowoomba,8
devonport,townsville,6
griffith,moranbah,2
broome,launceston,4
moranbah,roma,2
geelong,melbourne,12
cairns,newman,4
ballarat,biloela,2
burnie,tumut,2
forbes,maryborough,2
albury,rockhampton,4
burnie,toowoomba,4
emerald,parkes,2
orange,parkes,2
ballina,darwin,4
mildura,onslow,2
biloela,dubbo,2
mudgee,parkes,4
karratha,melbourne,4
canberra,emerald,2
karratha,kununurra,4
emerald,launceston,2
mildura,shepparton,4
armidale,emerald,2
rockhampton,sydney,4
caloundra,forster,2
caboolture,moree,2
mildura,whyalla,2
bourke,sydney,2
katherine,longreach,4
katherine,moranbah,2
karratha,portland,4
exmouth,proserpine,4
roma,warwick,4
muswellbrook,newman,2
bunbury,perth,6
caboolture,dalby,4
melbourne,newman,4
longreach,wollongong,2
mandurah,perth,2
orange,sydney,4
broome,geraldton,4
dalby,wollongong,2
caboolture,hobart,2
ballina,ceduna,4
roma,whyalla,2
bathurst,dalby,2
carnarvon,traralgon,2
darwin,woomera,2
newman,portland,4
caboolture,cairns,2
andamooka,peterborough,2
muswellbrook,newcastle,2
inverell,longreach,2
canberra,exmouth,4
bathurst,tumut,2
burnie,canberra,4
albany,darwin,4
gladstone,newman,4
caloundra,exmouth,2
geraldton,whyalla,2
nowra,taree,2
devonport,queenstown,2
newcastle,whyalla,2
dalby,maryborough,2
launceston,richmond,2
ballarat,ballina,4
parkes,shepparton,4
ballina,longreach,4
charleville,exmouth,4
gladstone,hobart,4
forster,perth,2
burnie,richmond,2
gladstone,roma,8
gladstone,sale,4
brisbane,melbourne,58
charleville,warwick,4
longreach,richmond,2
geelong,taree,2
muswellbrook,proserpine,2
ballarat,kununurra,4
bundaberg,katherine,4
exmouth,geelong,2
mandurah,sydney,2
forster,longreach,2
hamilton,mandurah,4
dalby,taree,2
bathurst,canberra,4
armidale,inverell,2
burnie,perth,4
rockhampton,tumut,2
rockhampton,whyalla,2
kununurra,perth,4
maryborough,mildura,4
newcastle,richmond,2
hobart,queenstown,2
sydney,taree,6
cairns,tumut,2
adelaide,kununurra,4
canberra,hobart,30
griffith,kalgoorlie,4
moranbah,orange,2
esperance,katherine,4
goulburn,wollongong,2
forster,mildura,2
richmond,townsville,4
newcastle,singleton,2
darwin,taree,4
roma,young,2
armidale,exmouth,4
forster,mudgee,2
theodore,young,2
brisbane,orange,2
brisbane,katherine,8
armidale,traralgon,2
carnarvon,proserpine,4
launceston,roma,4
carnarvon,exmouth,4
broome,katherine,4
geelong,proserpine,2
carnarvon,parkes,4
burnie,carnarvon,4
newcastle,perth,12
canberra,gunnedah,2
longreach,roma,4
mildura,mudgee,4
kununurra,portland,4
albany,hobart,4
devonport,mandurah,2
ayr,brisbane,2
hobart,launceston,14
andamooka,kununurra,2
exmouth,karratha,4
broome,newman,4
ballina,tumut,2
longreach,portland,4
biloela,gladstone,6
geraldton,rockhampton,4
goulburn,melbourne,4
hobart,traralgon,2
forbes,traralgon,2
toowoomba,traralgon,2
burnie,forster,2
emerald,esperance,2
brisbane,sale,22
traralgon,tumut,2
armidale,townsville,4
geraldton,hobart,4
ballarat,mudgee,4
bunbury,townsville,2
albury,melbourne,6
cairns,kalgoorlie,4
parkes,tumut,2
hobart,sydney,32
emerald,moree,2
inverell,karratha,2
gladstone,portland,4
geraldton,tumut,2
bathurst,nowra,2
kalgoorlie,muswellbrook,2
bundaberg,roma,8
albury,gladstone,4
kununurra,onslow,2
moree,proserpine,4
ballarat,ceduna,4
geelong,inverell,2
broome,longreach,4
cairns,richmond,4
adelaide,young,6
dalby,tumut,2
newman,shepparton,4
inverell,newcastle,2
richmond,taree,2
bundaberg,forster,2
exmouth,muswellbrook,2
longreach,whyalla,2
warwick,young,4
caboolture,townsville,2
geelong,kununurra,2
carnarvon,devonport,4
launceston,mandurah,2
gladstone,townsville,4
albany,biloela,2
emerald,toowoomba,6
caboolture,launceston,2
exmouth,newman,4
emerald,kununurra,2
canberra,orange,2
gladstone,sydney,4
karratha,moree,4
dubbo,kalgoorlie,4
ayr,griffith,2
ballarat,launceston,10
ceduna,taree,4
devonport,dubbo,4
devonport,moree,4
ceduna,karratha,4
caloundra,melbourne,4
berri,darwin,2
cairns,forbes,2
albury,bunbury,2
caloundra,charleville,2
cairns,mandurah,4
caloundra,inverell,2
ceduna,proserpine,4
dalby,launceston,2
caloundra,shepparton,2
forbes,muswellbrook,2
dalby,hobart,2
albany,hamilton,2
melbourne,orange,4
caboolture,proserpine,4
maryborough,traralgon,2
caloundra,townsville,4
ballina,young,2
esperance,gunnedah,2
emerald,shepparton,2
ballina,exmouth,4
forster,launceston,2
charleville,kununurra,4
ceduna,launceston,4
kununurra,mudgee,4
exmouth,maryborough,4
ballarat,caloundra,2
katherine,townsville,4
ballina,canberra,4
kununurra,moranbah,2
hamilton,melbourne,6
brisbane,warwick,2
albury,shepparton,4
kalgoorlie,parkes,4
caloundra,ceduna,2
kalgoorlie,maryborough,4
bundaberg,wollongong,2
kununurra,maryborough,4
forster,traralgon,2
goulburn,young,2
rockhampton,shepparton,4
ayr,burnie,2
ballina,gladstone,8
bundaberg,sydney,4
cairns,hamilton,4
dubbo,moranbah,2
cairns,whyalla,2
ceduna,tumut,2
townsville,tumut,2
gladstone,young,4
devonport,hobart,8
bundaberg,canberra,4
parkes,toowoomba,4
canberra,katherine,4
mudgee,orange,2
richmond,sale,8
launceston,newman,4
newcastle,shepparton,4
mildura,townsville,4
burnie,muswellbrook,2
biloela,kununurra,2
dubbo,newcastle,6
katherine,shepparton,4
adelaide,albany,4
darwin,karratha,4
shepparton,wollongong,2
ballarat,rockhampton,4
perth,sydney,50
perth,wollongong,10
parkes,perth,4
bathurst,caloundra,2
devonport,parkes,4
forbes,karratha,2
ayr,launceston,2
canberra,melbourne,34
moree,shepparton,4
katherine,launceston,4
biloela,launceston,2
armidale,geraldton,4
armidale,griffith,4
canberra,parkes,4
newman,roma,4
bathurst,ceduna,4
newcastle,onslow,2
ceduna,gladstone,4
gunnedah,kalgoorlie,2
armidale,muswellbrook,2
mudgee,portland,4
bathurst,perth,4
portland,sydney,4
katherine,moree,4
armidale,kalgoorlie,4
adelaide,charleville,6
dubbo,exmouth,4
burnie,gladstone,4
albany,newcastle,4
kalgoorlie,newman,4
gunnedah,hobart,2
muswellbrook,perth,2
canberra,newman,4
ceduna,moranbah,2
newman,richmond,2
albury,griffith,4
bundaberg,portland,4
albury,geraldton,4
darwin,katherine,6
karratha,onslow,2
broome,hobart,4
canberra,geraldton,4
canberra,rockhampton,4
albany,onslow,2
adelaide,melbourne,50
exmouth,traralgon,2
exmouth,katherine,4
forbes,forster,2
moree,orange,2
adelaide,broome,6
ceduna,whyalla,2
caloundra,forbes,2
charleville,toowoomba,10
dalby,richmond,6
exmouth,gladstone,4
mudgee,taree,4
longreach,parkes,4
brisbane,proserpine,4
broome,mildura,4
dalby,forbes,2
nowra,wollongong,2
biloela,portland,2
gladstone,launceston,4
bathurst,esperance,4
adelaide,carnarvon,4
geelong,mandurah,4
albany,sydney,4
ballina,forbes,2
richmond,shepparton,2
mudgee,toowoomba,4
nowra,sydney,2
bourke,busselton,2
dalby,warwick,4
shepparton,whyalla,2
griffith,toowoomba,4
gunnedah,katherine,2
goulburn,townsville,2
albany,karratha,2
bunbury,sydney,8
esperance,rockhampton,4
proserpine,warwick,2
adelaide,wollongong,10
bundaberg,kalgoorlie,4
albany,canberra,4
ballarat,whyalla,2
esperance,orange,2
geelong,parkes,2
karratha,roma,4
carnarvon,gladstone,4
armidale,brisbane,4
karratha,whyalla,2
biloela,parkes,2
ballina,mudgee,4
darwin,launceston,12
albany,roma,2
griffith,longreach,4
muswellbrook,tumut,2
armidale,mudgee,4
griffith,sydney,4
caloundra,longreach,2
inverell,taree,2
canberra,seymour,2
forbes,sydney,6
newcastle,sale,2
newman,toowoomba,4
karratha,maryborough,4
charleville,sale,6
katherine,proserpine,4
caloundra,karratha,2
charleville,gunnedah,2
ballina,karratha,4
adelaide,cairns,18
bundaberg,gunnedah,2
exmouth,inverell,2
adelaide,taree,4
dalby,rockhampton,6
kalgoorlie,richmond,2
canberra,carnarvon,4
brisbane,gladstone,6
exmouth,griffith,4
forbes,rockhampton,2
brisbane,ceduna,4
albany,newman,2
caloundra,gunnedah,2
burnie,darwin,4
armidale,geelong,2
longreach,shepparton,4
ballarat,griffith,4
esperance,exmouth,4
ballina,portland,4
albany,esperance,2
geraldton,gladstone,4
bathurst,cairns,4
biloela,moree,2
dubbo,onslow,2
exmouth,whyalla,2
longreach,sydney,4
rockhampton,toowoomba,8
devonport,taree,4
griffith,inverell,2
darwin,gladstone,4
ballina,muswellbrook,2
caboolture,geraldton,2
ayr,bundaberg,2
ayr,carnarvon,2
griffith,shepparton,4
caloundra,traralgon,2
dubbo,griffith,4
ceduna,muswellbrook,2
carnarvon,longreach,4
albury,longreach,4
berri,kununurra,2
karratha,rockhampton,4
albury,forbes,2
karratha,mildura,4
cairns,devonport,6
armidale,toowoomba,4
hamilton,hobart,4
mudgee,rockhampton,4
hobart,mildura,4
devonport,newman,4
geelong,shepparton,2
parkes,townsville,4
caboolture,newcastle,2
caloundra,darwin,2
ceduna,portland,4
canberra,cooma,2
canberra,longreach,4
carnarvon,orange,2
gladstone,traralgon,2
dalby,roma,8
griffith,roma,4
geelong,richmond,6
forster,gladstone,2
bundaberg,traralgon,2
muswellbrook,shepparton,2
griffith,kununurra,4
hobart,oatlands,2
geelong,perth,14
cairns,toowoomba,8
forster,tumut,2
brisbane,hamilton,6
maryborough,orange,2
biloela,sale,4
ceduna,griffith,4
dalby,karratha,2
dubbo,taree,6
melbourne,sale,26
taree,whyalla,2
burnie,moree,4
kalgoorlie,moranbah,2
burnie,charleville,4
biloela,sydney,2
gladstone,inverell,2
ballarat,proserpine,4
ballina,bathurst,4
longreach,proserpine,4
caboolture,mudgee,2
charleville,launceston,4
caloundra,kalgoorlie,2
geraldton,proserpine,4
devonport,mudgee,4
hamilton,young,4
kalgoorlie,shepparton,4
brisbane,richmond,6
caloundra,mudgee,2
ballarat,maryborough,4
carnarvon,richmond,2
armidale,ballina,4
clare,geelong,2
albury,sydney,6
moree,taree,4
albury,bathurst,4
goulburn,taree,2
gladstone,orange,2
emerald,young,2
broome,parkes,4
forbes,geelong,2
geelong,toowoomba,6
carnarvon,whyalla,2
forster,geelong,2
albany,devonport,4
mildura,taree,4
karratha,longreach,4
dubbo,proserpine,4
ballina,brisbane,4
charleville,forbes,2
geelong,launceston,10
caloundra,rockhampton,2
geraldton,traralgon,2
gunnedah,sydney,2
darwin,roma,4
armidale,newman,4
onslow,townsville,2
albany,geraldton,2
albany,katherine,2
ayr,townsville,2
darwin,kununurra,6
geelong,queenstown,2
mandurah,townsville,4
carnarvon,mildura,4
esperance,shepparton,4
devonport,oatlands,2
dalby,kununurra,2
albury,dalby,2
bundaberg,shepparton,4
adelaide,hobart,28
muswellbrook,parkes,2
manjimup,sydney,2
caboolture,orange,2
bundaberg,toowoomba,8
longreach,mildura,4
albury,hamilton,4
biloela,mildura,2
biloela,carnarvon,2
ayr,tumut,2
forster,karratha,2
carnarvon,ceduna,4
geraldton,orange,2
orange,taree,2
canberra,forster,2
ballarat,richmond,4
moranbah,newcastle,2
adelaide,moranbah,2
parkes,wollongong,2
darwin,griffith,4
broome,onslow,2
emerald,katherine,2
cairns,portland,4
dalby,parkes,2
armidale,richmond,2
caloundra,devonport,2
muswellbrook,toowoomba,2
bathurst,exmouth,4
ballina,maryborough,4
portland,roma,4
perth,whyalla,2
bathurst,karratha,4
caloundra,launceston,2
albury,launceston,6
inverell,kununurra,2
bathurst,wollongong,4
ayr,newcastle,2
maryborough,moranbah,2
rockhampton,yeppoon,2
carnarvon,mudgee,4
hobart,mandurah,4
gladstone,parkes,4
dalby,mildura,2
inverell,proserpine,2
esperance,townsville,4
kununurra,wollongong,2
canberra,townsville,6
armidale,moranbah,2
cairns,esperance,4
launceston,longreach,4
broome,charleville,4
bathurst,shepparton,4
bundaberg,longreach,4
newman,parkes,4
carnarvon,esperance,4
forster,rockhampton,2
adelaide,mildura,4
perth,young,4
carnarvon,dubbo,4
canberra,warwick,2
darwin,perth,28
launceston,toowoomba,4
hobart,katherine,4
inverell,launceston,2
cairns,launceston,12
launceston,sydney,12
forster,kununurra,2
emerald,roma,6
richmond,warwick,2
geraldton,taree,4
clare,sale,4
bundaberg,muswellbrook,2
ayr,geraldton,2
adelaide,albury,6
canberra,newcastle,14
launceston,parkes,4
charleville,karratha,4
adelaide,armidale,4
caboolture,moranbah,2
albany,parkes,2
adelaide,ceduna,4
esperance,kalgoorlie,4
caloundra,hobart,2
katherine,tumut,2
charleville,maryborough,4
dubbo,shepparton,4
longreach,newcastle,4
dubbo,tumut,2
proserpine,whyalla,2
dubbo,mudgee,4
katherine,onslow,2
ballarat,moranbah,2
ayr,forbes,2
ceduna,katherine,4
katherine,newman,4
albany,wollongong,2
caboolture,shepparton,2
parkes,richmond,2
exmouth,toowoomba,4
canberra,moranbah,2
mildura,orange,2
dalby,forster,2
canberra,ceduna,4
biloela,geraldton,2
albany,charleville,2
ceduna,sydney,4
brisbane,taree,4
inverell,newman,2
longreach,muswellbrook,2
brisbane,tumut,2
canberra,richmond,4
burnie,whyalla,2
bundaberg,geelong,2
exmouth,moree,4
kalgoorlie,melbourne,4
gawler,melbourne,2
toowoomba,warwick,4
ayr,shepparton,2
burnie,newcastle,4
armidale,bathurst,4
caloundra,esperance,2
griffith,taree,4
charleville,whyalla,2
gladstone,richmond,4
kalgoorlie,karratha,4
roma,wollongong,2
dalby,gunnedah,2
ballina,orange,2
biloela,taree,2
ballina,townsville,4
katherine,theodore,2
maryborough,wollongong,2
katherine,parkes,4
shepparton,townsville,4
bunbury,forbes,4
ballarat,broome,4
charleville,moranbah,2
burnie,traralgon,2
geraldton,maryborough,4
charleville,gladstone,8
mudgee,muswellbrook,2
albany,moranbah,2
adelaide,kalgoorlie,4
biloela,canberra,2
mildura,newcastle,4
melbourne,proserpine,4
albury,hobart,8
cairns,karratha,4
maryborough,parkes,4
broome,inverell,2
broome,wollongong,2
taree,townsville,4
griffith,proserpine,4
esperance,proserpine,4
moranbah,sydney,2
carnarvon,kalgoorlie,4
exmouth,perth,4
adelaide,maryborough,4
charleville,shepparton,4
moree,mudgee,4
canberra,dalby,2
emerald,onslow,2
griffith,karratha,4
adelaide,caboolture,2
proserpine,sale,2
armidale,esperance,4
broome,whyalla,2
armidale,maryborough,4
forster,portland,2
bunbury,newcastle,2
launceston,taree,4
dalby,devonport,2
bathurst,hobart,4
darwin,hamilton,6
dubbo,launceston,4
shepparton,tumut,2
brisbane,devonport,6
canberra,sydney,38
roma,traralgon,2
devonport,whyalla,2
moree,wollongong,2
parkes,traralgon,2
geelong,maryborough,2
dubbo,emerald,2
newcastle,tumut,2
hamilton,toowoomba,2
katherine,perth,6
brisbane,kalgoorlie,4
kalgoorlie,townsville,4
armidale,kununurra,4
sale,townsville,2
bundaberg,esperance,4
adelaide,forbes,6
forster,wollongong,2
armidale,burnie,4
charleville,dalby,8
ballarat,caboolture,2
caboolture,richmond,2
devonport,launceston,8
forbes,newcastle,2
cairns,newcastle,12
adelaide,bathurst,4
exmouth,onslow,2
biloela,onslow,2
gunnedah,traralgon,2
perth,rockhampton,4
toowoomba,wollongong,2
katherine,richmond,2
mudgee,onslow,2
maryborough,perth,4
forbes,launceston,2
forster,hobart,2
moranbah,toowoomba,2
esperance,roma,4
broome,portland,4
perth,queenstown,2
albury,whyalla,2
esperance,tumut,2
albury,proserpine,4
hamilton,wollongong,2
tumut,wollongong,2
hobart,richmond,6
inverell,young,2
bundaberg,townsville,4
emerald,sydney,2
emerald,taree,2
ayr,moree,2
bathurst,townsville,4
charleville,rockhampton,8
moranbah,taree,2
devonport,traralgon,2
emerald,mildura,2
caloundra,dalby,2
ayr,geelong,2
albany,bundaberg,2
burnie,maryborough,4
ceduna,maryborough,4
geraldton,karratha,4
burnie,melbourne,4
parkes,roma,4
ballarat,karratha,4
proserpine,traralgon,2
adelaide,forster,2
darwin,whyalla,2
geraldton,onslow,2
charleville,orange,2
devonport,wollongong,4
forster,townsville,2
adelaide,sale,16
launceston,mildura,4
broome,sydney,6
canberra,traralgon,2
ballina,warwick,4
carnarvon,toowoomba,4
geraldton,sydney,4
esperance,parkes,4
ayr,melbourne,2
emerald,newman,2
launceston,melbourne,12
bundaberg,forbes,2
esperance,onslow,2
geraldton,kununurra,4
adelaide,queenstown,2
ayr,broome,2
devonport,mildura,4
forster,moree,2
cairns,inverell,2
canberra,dubbo,4
exmouth,mildura,4
mudgee,proserpine,4
charleville,townsville,4
caloundra,carnarvon,2
ayr,ballina,2
busselton,manjimup,2
katherine,toowoomba,6
adelaide,moree,4
katherine,kununurra,6
dubbo,perth,4
melbourne,parkes,4
adelaide,toowoomba,8
bundaberg,perth,4
kununurra,launceston,4
forbes,tumut,2
forbes,moree,2
exmouth,parkes,4
newcastle,queenstown,2
geraldton,wollongong,2
burnie,newman,4
broome,muswellbrook,2
bathurst,sydney,6
melbourne,taree,4
ceduna,mildura,4
devonport,esperance,4
katherine,sydney,8
mildura,roma,4
caboolture,roma,6
biloela,shepparton,2
albury,carnarvon,4
caloundra,newman,2
ayr,kalgoorlie,2
broome,moree,4
gunnedah,wollongong,2
exmouth,forster,2
katherine,narrogin,2
darwin,mandurah,2
ballarat,dalby,2
sydney,wollongong,16
dalby,proserpine,4
esperance,inverell,2
bathurst,dubbo,6
carnarvon,wollongong,2
maryborough,tumut,2
canberra,queenstown,2
gladstone,moree,4
griffith,mudgee,4
brisbane,moree,4
canberra,sale,4
brisbane,burnie,4
broome,gunnedah,2
gladstone,whyalla,2
burnie,cairns,4
dubbo,sydney,6
albury,maryborough,4
hobart,parkes,4
geelong,longreach,2
gladstone,newcastle,4
kalgoorlie,newcastle,4
darwin,forbes,6
mudgee,perth,4
brisbane,queenstown,2
maryborough,toowoomba,4
bundaberg,tumut,2
berri,woomera,2
albury,dubbo,6
bunbury,darwin,6
burnie,kalgoorlie,4
canberra,launceston,12
ballarat,gladstone,4
biloela,whyalla,2
katherine,wollongong,2
armidale,gladstone,4
caloundra,kununurra,2
dalby,katherine,2
cairns,longreach,4
griffith,maryborough,4
longreach,maryborough,4
ceduna,mudgee,4
caboolture,portland,2
launceston,onslow,2
ballina,caboolture,6
bundaberg,emerald,6
dalby,portland,2
brisbane,gunnedah,2
esperance,wollongong,2
geelong,rockhampton,2
inverell,shepparton,2
queenstown,sydney,2
karratha,sydney,4
cairns,dalby,2
ayr,taree,2
onslow,whyalla,2
albany,proserpine,2
muswellbrook,roma,2
bunbury,geelong,2
carnarvon,gunnedah,2
bathurst,newcastle,6
adelaide,exmouth,4
portland,rockhampton,4
charleville,tumut,2
forbes,mudgee,2
albany,cairns,4
brisbane,moranbah,2
ballina,sydney,4
cairns,carnarvon,4
rockhampton,warwick,4
inverell,muswellbrook,2
portland,townsville,4
melbourne,townsville,12
caloundra,maryborough,2
bunbury,cairns,2
moree,onslow,2
brisbane,dubbo,4
adelaide,longreach,4
carnarvon,emerald,2
kalgoorlie,tumut,2
caloundra,sydney,4
broome,darwin,4
gladstone,karratha,4
bathurst,geelong,2
brisbane,shepparton,4
esperance,karratha,4
gladstone,toowoomba,8
broome,canberra,4
bunbury,queenstown,2
broome,moranbah,2
inverell,wollongong,2
griffith,onslow,2
broome,orange,2
portland,whyalla,2
ceduna,dubbo,4
melbourne,roma,4
burnie,caboolture,2
newcastle,parkes,4
exmouth,rockhampton,4
gladstone,warwick,6
bathurst,gunnedah,2
dalby,esperance,2
ayr,gladstone,2
ceduna,orange,2
albany,melbourne,4
launceston,queenstown,2
clare,perth,2
gladstone,taree,4
ayr,esperance,2
ceduna,roma,4
burnie,inverell,2
broome,newcastle,4
ballina,proserpine,6
emerald,melbourne,2
brisbane,perth,48
adelaide,bendigo,4
ballina,griffith,4
rockhampton,roma,8
karratha,launceston,4
moree,traralgon,2
newman,sydney,4
muswellbrook,sydney,2
albany,armidale,2
dubbo,hamilton,2
bathurst,moranbah,2
bundaberg,moranbah,2
goulburn,sydney,4
perth,portland,4
exmouth,richmond,2
brisbane,traralgon,2
shepparton,traralgon,2
armidale,caboolture,2
karratha,parkes,4
seymour,sydney,2
melbourne,sydney,76
armidale,portland,4
ayr,gunnedah,2
ballarat,melbourne,16
cairns,geelong,14
brisbane,whyalla,2
geraldton,parkes,4
ceduna,newcastle,4
ballarat,mildura,4
dalby,newcastle,2
ballina,gunnedah,2
geraldton,kalgoorlie,4
bundaberg,caloundra,2
ballarat,newman,4
emerald,griffith,2
esperance,hobart,4
charleville,kalgoorlie,4
moree,muswellbrook,2
ayr,canberra,2
narrogin,perth,2
adelaide,whyalla,2
armidale,ayr,2
hobart,melbourne,28
mudgee,richmond,4
kalgoorlie,mudgee,4
albury,taree,4
karratha,newcastle,4
darwin,portland,4
toowoomba,townsville,6
devonport,kalgoorlie,4
exmouth,longreach,4
mildura,perth,4
ayr,bathurst,2
ballarat,parkes,4
newcastle,traralgon,2
devonport,forbes,2
kalgoorlie,traralgon,2
kununurra,parkes,4
adelaide,mudgee,6
perth,proserpine,4
griffith,townsville,4
ballina,emerald,6
maryborough,taree,4
emerald,rockhampton,6
goulburn,nowra,2
kununurra,sydney,4
cairns,orange,2
ceduna,parkes,4
gladstone,wollongong,2
caloundra,moree,2
parkes,portland,4
ceduna,emerald,2
emerald,maryborough,2
mudgee,sydney,4
cairns,maryborough,4
ballarat,canberra,10
hobart,toowoomba,6
burnie,rockhampton,4
katherine,taree,4
bundaberg,parkes,4
albury,portland,4
ballina,rockhampton,8
gunnedah,maryborough,2
ballarat,katherine,4
newcastle,townsville,6
geraldton,newman,4
bathurst,charleville,4
gunnedah,mildura,2
caboolture,perth,2
brisbane,esperance,4
adelaide,esperance,4
ballarat,newcastle,10
darwin,sale,2
albury,newman,4
griffith,newman,4
bathurst,toowoomba,4
moranbah,portland,2
perth,richmond,4
caboolture,canberra,2
brisbane,clare,2
caboolture,dubbo,2
parkes,proserpine,4
dalby,traralgon,2
ballina,perth,4
albany,griffith,2
inverell,toowoomba,2
muswellbrook,rockhampton,2
armidale,ceduna,4
brisbane,muswellbrook,2
moree,sydney,4
melbourne,moranbah,2
ayr,caloundra,2
carnarvon,dalby,2
armidale,biloela,2
burnie,moranbah,2
dalby,geraldton,2
armidale,carnarvon,4
ayr,kununurra,2
geelong,griffith,2
dubbo,gladstone,4
burnie,dalby,2
hobart,kalgoorlie,4
broome,forster,2
proserpine,townsville,4
broome,melbourne,6
adelaide,traralgon,2
exmouth,portland,4
emerald,karratha,2
bathurst,gladstone,4
gawler,sale,2
forbes,gunnedah,2
forbes,sale,2
rockhampton,taree,4
hobart,shepparton,4
kalgoorlie,moree,4
dubbo,toowoomba,6
richmond,traralgon,2
biloela,toowoomba,6
broome,gladstone,4
biloela,burnie,2
broome,kununurra,4
broome,emerald,2
ballarat,toowoomba,6
charleville,newman,4
ballarat,gunnedah,2
dubbo,moree,4
kununurra,mildura,4
adelaide,hamilton,6
dalby,darwin,2
devonport,katherine,4
biloela,newman,2
armidale,roma,4
hobart,whyalla,2
forster,toowoomba,2
charleville,moree,4
armidale,newcastle,4
toowoomba,young,2
caboolture,kalgoorlie,2
burnie,townsville,4
caboolture,griffith,2
longreach,townsville,4
launceston,perth,12
proserpine,toowoomba,6
sydney,townsville,8
moranbah,moree,2
geraldton,inverell,2
ballina,wollongong,2
cairns,gladstone,4
mudgee,newman,4
ballarat,burnie,4
melbourne,muswellbrook,2
ayr,rockhampton,2
canberra,devonport,6
brisbane,forster,2
gladstone,onslow,2
caboolture,mildura,2
geelong,karratha,2
adelaide,goulburn,2
burnie,karratha,4
darwin,traralgon,2
mudgee,roma,4
mandurah,richmond,2
cairns,roma,4
ivanhoe,richmond,2
bathurst,launceston,4
forster,newcastle,2
adelaide,katherine,6
melbourne,toowoomba,6
inverell,traralgon,2
charleville,young,2
bundaberg,richmond,4
brisbane,darwin,30
geelong,newman,2
gladstone,maryborough,4
caboolture,whyalla,2
griffith,rockhampton,4
armidale,canberra,4
exmouth,tumut,2
adelaide,karratha,4
brisbane,onslow,2
darwin,dubbo,4
newcastle,proserpine,4
dubbo,newman,4
geraldton,toowoomba,4
brisbane,goulburn,2
darwin,mudgee,4
armidale,proserpine,4
broome,richmond,2
darwin,mildura,4
gunnedah,kununurra,2
orange,townsville,2
hobart,newman,4
albury,mandurah,4
carnarvon,maryborough,4
burnie,launceston,4
griffith,portland,4
armidale,forster,2
ballina,devonport,4
bunbury,sale,2
bathurst,inverell,2
broome,mudgee,4
hamilton,sale,4
darwin,moree,4
esperance,sydney,4
ayr,perth,2
canberra,kununurra,4
melbourne,perth,54
mildura,moranbah,2
ballina,caloundra,2
onslow,proserpine,2
launceston,shepparton,4
emerald,portland,2
carnarvon,muswellbrook,2
orange,proserpine,2
darwin,esperance,4
armidale,tumut,2
ceduna,wollongong,2
griffith,richmond,2
onslow,portland,2
burnie,ceduna,4
newman,whyalla,2
charleville,mudgee,4
caboolture,kununurra,2
mudgee,townsville,4
esperance,forster,2
onslow,shepparton,2
ayr,longreach,2
katherine,traralgon,2
broome,burnie,4
bathurst,parkes,4
dubbo,mildura,4
adelaide,mandurah,2
moranbah,mudgee,2
moree,rockhampton,4
inverell,roma,2
ayr,parkes,2
biloela,newcastle,2
kalgoorlie,rockhampton,4
devonport,rockhampton,4
hamilton,launceston,2
maryborough,shepparton,4
geraldton,mildura,4
burnie,esperance,4
portland,tumut,2
albany,carnarvon,2
maryborough,sydney,4
karratha,shepparton,4
ballarat,darwin,12
canberra,forbes,2
albany,bunbury,6
brisbane,kununurra,4
brisbane,sydney,72
griffith,wollongong,2
muswellbrook,wollongong,2
ceduna,forster,2
dubbo,forster,2
darwin,melbourne,30
forster,shepparton,2
bathurst,forster,2
esperance,griffith,4
cairns,caloundra,4
geraldton,richmond,2
ballina,kalgoorlie,4
albury,parkes,4
broome,dubbo,4
burnie,portland,4
dalby,inverell,2
ballina,whyalla,2
katherine,peterborough,2
dubbo,richmond,4
carnarvon,shepparton,4
bundaberg,gladstone,8
ballarat,cairns,12
mildura,muswellbrook,2
ceduna,traralgon,2
broome,forbes,2
forbes,townsville,2
esperance,newcastle,4
katherine,roma,4
ayr,muswellbrook,2
caloundra,newcastle,2
bundaberg,griffith,4
maryborough,rockhampton,4
emerald,mudgee,2
albany,bathurst,2
burnie,sydney,4
albury,gunnedah,2
shepparton,taree,4
armidale,charleville,4
esperance,geraldton,4
cairns,taree,4
ceduna,geelong,2
proserpine,richmond,4
exmouth,shepparton,4
orange,perth,2
griffith,newcastle,4
dubbo,geelong,4
katherine,woomera,2
bathurst,geraldton,4
dubbo,goulburn,2
bundaberg,young,2
canberra,toowoomba,4
ballina,taree,4
bundaberg,sale,4
mildura,proserpine,4
carnarvon,katherine,4
forbes,richmond,2
kalgoorlie,taree,4
albury,roma,4
launceston,wollongong,10
geelong,sydney,16
karratha,perth,4
bourke,bunbury,2
karratha,toowoomba,4
cairns,moranbah,2
ballina,sale,6
forbes,hamilton,4
karratha,proserpine,4
forbes,hobart,2
forster,muswellbrook,2
dubbo,whyalla,2
ballina,bundaberg,8
darwin,sydney,30
bundaberg,newman,4
cairns,mudgee,4
armidale,shepparton,4
parkes,whyalla,2
dubbo,kununurra,4
brisbane,geraldton,4
longreach,perth,4
forster,parkes,2
inverell,tumut,2
brisbane,bunbury,6
charleville,emerald,6
mandurah,toowoomba,2
cairns,queenstown,2
karratha,wollongong,2
devonport,exmouth,4
newcastle,wollongong,12
geraldton,mudgee,4
newcastle,sydney,18
rockhampton,sale,4
forster,maryborough,2
